-- phpMyAdmin SQL Dump
-- version 4.2.7.1
-- http://www.phpmyadmin.net
--
-- Gostitelj: localhost
-- Čas nastanka: 23. jun 2015 ob 17.23
-- Različica strežnika: 5.6.20
-- Različica PHP: 5.5.15

SET SQL_MODE = "NO_AUTO_VALUE_ON_ZERO";
SET time_zone = "+00:00";


/*!40101 SET @OLD_CHARACTER_SET_CLIENT=@@CHARACTER_SET_CLIENT */;
/*!40101 SET @OLD_CHARACTER_SET_RESULTS=@@CHARACTER_SET_RESULTS */;
/*!40101 SET @OLD_COLLATION_CONNECTION=@@COLLATION_CONNECTION */;
/*!40101 SET NAMES utf8 */;

--
-- Zbirka podatkov: `emisije`
--
CREATE DATABASE IF NOT EXISTS `emisije` DEFAULT CHARACTER SET latin1 COLLATE latin1_swedish_ci;
USE `emisije`;

-- --------------------------------------------------------

--
-- Struktura tabele `TrainStations`
--

DROP TABLE IF EXISTS `TrainStations`;
CREATE TABLE IF NOT EXISTS `TrainStations` (
  `IDStation` varchar(8) COLLATE utf8_bin NOT NULL,
  `Name` text COLLATE utf8_bin NOT NULL,
  `Lat` float NOT NULL,
  `Lng` float NOT NULL
) ENGINE=InnoDB DEFAULT CHARSET=utf8 COLLATE=utf8_bin;

--
-- Počisti tabelo pred vstavljanjem `TrainStations`
--

TRUNCATE TABLE `TrainStations`;
--
-- Odloži podatke za tabelo `TrainStations`
--

INSERT INTO `TrainStations` (`IDStation`, `Name`, `Lat`, `Lng`) VALUES
('42001', 'Dobova', 45.8985, 15.655),
('42002', 'Brežice', 45.9238, 15.59),
('42003', 'Libna', 45.9454, 15.5403),
('42004', 'Krško', 45.9562, 15.4934),
('42005', 'Brestanica', 45.9874, 15.4701),
('42006', 'Blanca', 45.9899, 15.3959),
('42100', 'Sevnica', 46.0094, 15.3012),
('42101', 'Breg', 46.0417, 15.2356),
('42102', 'Loka', 46.0535, 15.2055),
('42103', 'Radeče', 46.0719, 15.1829),
('42200', 'Zidani Most', 46.0856, 15.1702),
('42201', 'Hrastnik', 46.1226, 15.0935),
('42203', 'Trbovlje', 46.1263, 15.0368),
('42204', 'Zagorje', 46.1206, 14.9911),
('42206', 'Sava', 46.0891, 14.8999),
('42207', 'Litija', 46.0582, 14.8251),
('42208', 'Kresnice', 46.103, 14.7917),
('42209', 'Jevnica', 46.0842, 14.7367),
('42210', 'Laze', 46.0883, 14.6876),
('42212', 'Ljubljana Polje', 46.0596, 14.5832),
('42222', 'Ljubljana Zalog', 46.0596, 14.6152),
('42300', 'Ljubljana', 46.0587, 14.5127),
('42302', 'Ljubljana Vižmarje', 46.1004, 14.4645),
('42303', 'Medno', 46.1223, 14.44),
('42304', 'Medvode', 46.1379, 14.4122),
('42305', 'Reteče', 46.1565, 14.3711),
('42306', 'Škofja Loka', 46.1746, 14.3346),
('42307', 'Kranj', 46.239, 14.3481),
('42309', 'Podnart', 46.294, 14.2584),
('42310', 'Otoče', 46.311, 14.2324),
('42311', 'Globoko', 46.3233, 14.2084),
('42312', 'Radovljica', 46.3404, 14.1737),
('42313', 'Lesce-Bled', 46.3604, 14.1581),
('42314', 'Žirovnica', 46.4019, 14.1356),
('42315', 'Slovenski Javornik', 46.4272, 14.0891),
('42316', 'Litostroj', 46.077, 14.4901),
('42317', 'Ljubljana Stegne', 46.0868, 14.4799),
('42351', 'Ljubljana Črnuče', 46.1009, 14.5264),
('42352', 'Domžale', 46.1396, 14.5924),
('42353', 'Jarše-Mengeš', 46.1657, 14.594),
('42354', 'Kamnik', 46.2208, 14.6036),
('42355', 'Kamnik mesto', 46.2249, 14.6092),
('42356', 'Kamnik Graben', 46.2289, 14.6095),
('42357', 'Ljubljana Brinje', 46.0768, 14.5032),
('42358', 'Trzin Mlake', 46.1287, 14.5599),
('42359', 'Trzin', 46.1328, 14.5677),
('42360', 'Rodica', 46.1491, 14.5925),
('42361', 'Homec pri Kamniku', 46.1799, 14.5907),
('42362', 'Šmarca', 46.1926, 14.5882),
('42363', 'Duplica-Bakovnik', 46.2066, 14.5945),
('42365', 'Ljubljana Ježica', 46.0887, 14.507),
('42366', 'Trzin ind. cona', 46.1189, 14.5508),
('42400', 'Jesenice', 46.4361, 14.0545),
('42501', 'Rosalnice', 45.6488, 15.3362),
('42502', 'Metlika', 45.6424, 15.3231),
('42503', 'Dobravice', 45.6323, 15.2698),
('42504', 'Gradac', 45.6164, 15.2414),
('42505', 'Črnomelj', 45.58, 15.191),
('42506', 'Otovec', 45.5989, 15.1615),
('42507', 'Semič', 45.6432, 15.1622),
('42508', 'Rožni Dol', 45.682, 15.1483),
('42509', 'Uršna sela', 45.7146, 15.1278),
('42510', 'Birčna vas', 45.7579, 15.1481),
('42511', 'Novo mesto Kandija', 45.7999, 15.1606),
('42512', 'Novo mesto Center', 45.8047, 15.162),
('42600', 'Novo mesto', 45.8108, 15.1556),
('42601', 'Mirna Peč', 45.8668, 15.0914),
('42602', 'Ponikve na Dolenjskem', 45.8978, 15.0427),
('42603', 'Hudo', 45.8339, 15.1361),
('42700', 'Trebnje', 45.9067, 15.0086),
('42701', 'Štefan', 45.9114, 14.9809),
('42702', 'Velika Loka', 45.9321, 14.9693),
('42703', 'Šentlovrenc', 45.938, 14.941),
('42704', 'Gaber', 45.9405, 14.9092),
('42705', 'Radohova vas', 45.9432, 14.8732),
('42706', 'Šentvid pri Stični', 45.9408, 14.8501),
('42707', 'Ivančna Gorica', 45.938, 14.803),
('42708', 'Polževo', 45.9407, 14.7791),
('42709', 'Višnja Gora', 45.9581, 14.7424),
('42710', 'Žalna', 45.9396, 14.7076),
('42711', 'Mlačevo', 45.9403, 14.6852),
('42800', 'Grosuplje', 45.9559, 14.6522),
('42801', 'Šmarje-Sap', 45.9751, 14.6176),
('42802', 'Škofljica', 45.9843, 14.5727),
('42804', 'Ljubljana Rakovnik', 46.0366, 14.5195),
('42805', 'Ljubljana Vodmat', 46.0558, 14.5291),
('42901', 'Boštanj', 46.0063, 15.2897),
('42902', 'Jelovec', 45.9892, 15.2399),
('42903', 'Tržišče', 45.9664, 15.1908),
('42904', 'Pijavice', 45.9682, 15.1633),
('42905', 'Mokronog', 45.958, 15.1215),
('42906', 'Šentrupert', 45.9595, 15.0877),
('42907', 'Mirna', 45.9492, 15.0625),
('42908', 'Gomila', 45.9348, 15.0449),
('42909', 'Trebnje Kamna Gora', 45.9061, 15.0245),
('43001', 'Rimske Toplice', 46.1255, 15.1992),
('43002', 'Laško', 46.1549, 15.2319),
('43100', 'Celje', 46.2286, 15.2682),
('43101', 'Štore', 46.2215, 15.3214),
('43102', 'Šentjur', 46.213, 15.396),
('43200', 'Grobelno', 46.2131, 15.4395),
('43201', 'Ponikva', 46.2481, 15.4304),
('43202', 'Dolga Gora', 46.2775, 15.4981),
('43203', 'Poljčane', 46.3138, 15.5763),
('43204', 'Slovenska Bistrica', 46.3631, 15.5981),
('43205', 'Ostrožno', 46.264, 15.4733),
('43251', 'Šentvid pri Grobelnem', 46.2274, 15.4703),
('43252', 'Šmarje pri Jelšah', 46.2308, 15.5163),
('43300', 'Pragersko', 46.3951, 15.6621),
('43301', 'Rače', 46.454, 15.6638),
('43302', 'Orehova vas', 46.4734, 15.6635),
('43303', 'Hoče', 46.501, 15.6629),
('43304', 'Maribor Tezno', 46.5389, 15.6512),
('43351', 'Cirkovce', 46.4009, 15.7203),
('43352', 'Strnišče', 46.4008, 15.7658),
('43353', 'Kidričevo', 46.4006, 15.8007),
('43354', 'Hajdina', 46.4032, 15.8551),
('43355', 'Ptuj', 46.4224, 15.8787),
('43356', 'Moškanjci', 46.4233, 15.9836),
('43357', 'Osluševci', 46.4195, 16.048),
('43358', 'Velika Nedelja', 46.4152, 16.1052),
('43359', 'Zamušani', 46.4203, 16.0343),
('43360', 'Šikole', 46.401, 15.6973),
('43400', 'Maribor', 46.5622, 15.6585),
('43401', 'Maribor Studenci', 46.5542, 15.6348),
('43402', 'Limbuš', 46.5588, 15.5831),
('43403', 'Bistrica ob Dravi', 46.5577, 15.5542),
('43404', 'Ruše', 46.5408, 15.5039),
('43405', 'Fala', 46.548, 15.4516),
('43406', 'Ruta', 46.563, 15.4317),
('43407', 'Ožbalt', 46.5749, 15.4064),
('43408', 'Podvelka', 46.5906, 15.3306),
('43409', 'Vuhred elektrarna', 46.5865, 15.2799),
('43410', 'Vuhred', 46.5965, 15.236),
('43411', 'Vuzenica', 46.5936, 15.1585),
('43412', 'Trbonje', 46.6053, 15.1107),
('43413', 'Maribor Tabor', 46.5511, 15.6443),
('43414', 'Marles', 46.5584, 15.6013),
('43415', 'Ruše tovarna', 46.5474, 15.5214),
('43416', 'Trbonjsko jezero', 46.594, 15.1259),
('43417', 'Sveti Danijel', 46.6029, 15.0784),
('43418', 'Sveti Vid', 46.604, 15.1948),
('43420', 'Maribor Sokolska', 46.5563, 15.6246),
('43451', 'Pesnica', 46.6099, 15.6805),
('43452', 'Cirknica', 46.6542, 15.6601),
('43453', 'Šentilj', 46.6744, 15.6579),
('43455', 'Košaki', 46.5758, 15.6595),
('43500', 'Dravograd', 46.587, 15.0269),
('43501', 'Ravne na Koroškem', 46.5471, 14.9634),
('43502', 'Prevalje', 46.55, 14.9218),
('43503', 'Holmec', 46.5664, 14.8414),
('43505', 'Podklanc', 46.5737, 15.0209),
('43506', 'Dobrije', 46.5506, 14.9867),
('43600', 'Ormož', 46.4031, 16.1561),
('43601', 'Pušenci', 46.4098, 16.1762),
('43602', 'Pavlovci', 46.4265, 16.1791),
('43603', 'Ivanjkovci', 46.4586, 16.1567),
('43604', 'Mekotnjak', 46.5009, 16.1554),
('43605', 'Ljutomer mesto', 46.521, 16.1997),
('43651', 'Obrež', 46.3911, 16.2257),
('43652', 'Središče', 46.3891, 16.2772),
('43653', 'Frankovci', 46.395, 16.1947),
('43700', 'Ljutomer', 46.5288, 16.1893),
('43701', 'Veržej', 46.5743, 16.1821),
('43702', 'Grlava', 46.5571, 16.1742),
('43703', 'Lipovci', 46.6234, 16.2098),
('43704', 'Murska Sobota', 46.6592, 16.1718),
('43771', 'Puconci', 46.7034, 16.1537),
('43774', 'Mačkovci', 46.7832, 16.1646),
('43775', 'Gornji Petrovci', 46.8008, 16.2184),
('43776', 'Šalovci', 46.821, 16.2815),
('43777', 'Hodoš', 46.8204, 16.3292),
('43800', 'Stranje', 46.2174, 15.5603),
('43801', 'Mestinje', 46.235, 15.5644),
('43802', 'Podplat', 46.244, 15.5729),
('43803', 'Rogaška Slatina', 46.2318, 15.6385),
('43804', 'Rogatec', 46.2244, 15.6979),
('43805', 'Dobovec', 46.2175, 15.7549),
('43806', 'Sveti Rok ob Sotli', 46.2088, 15.7601),
('43807', 'Tekačevo', 46.2399, 15.6182),
('43808', 'Rjavica', 46.223, 15.6613),
('43809', 'Vidina', 46.2193, 15.7357),
('43851', 'Pristava', 46.1936, 15.5941),
('43852', 'Sodna vas', 46.1759, 15.6021),
('43853', 'Podčetrtek', 46.1502, 15.5992),
('43854', 'Imeno', 46.1271, 15.6012),
('43855', 'Podčetrtek Toplice', 46.1659, 15.6047),
('43856', 'Atomske Toplice hotel', 46.1569, 15.6092),
('43901', 'Petrovče', 46.2461, 15.1898),
('43902', 'Žalec', 46.2494, 15.1671),
('43903', 'Šempeter v Savinjski dolini', 46.2606, 15.1122),
('43904', 'Polzela', 46.2824, 15.0662),
('43905', 'Šmartno ob Paki', 46.3281, 15.0379),
('43906', 'Paška vas', 46.3415, 15.0197),
('43907', 'Šoštanj', 46.3769, 15.0497),
('43909', 'Velenje Pesje', 46.3681, 15.0814),
('43910', 'Velenje', 46.3635, 15.1043),
('43911', 'Celje Lava', 46.2371, 15.245),
('43912', 'Florjan', 46.3812, 15.0299),
('44001', 'Brezovica', 46.0213, 14.4265),
('44002', 'Notranje Gorice', 45.9876, 14.4026),
('44003', 'Preserje', 45.9657, 14.3961),
('44004', 'Borovnica', 45.9215, 14.3682),
('44005', 'Verd', 45.948, 14.3039),
('44006', 'Logatec', 45.9177, 14.2358),
('44007', 'Planina', 45.8618, 14.275),
('44008', 'Rakek', 45.8157, 14.3128),
('44009', 'Postojna', 45.7731, 14.2217),
('44010', 'Prestranek', 45.7285, 14.1855),
('44011', 'Ljubljana Tivoli', 46.0499, 14.4933),
('44100', 'Pivka', 45.6755, 14.1914),
('44101', 'Košana', 45.6704, 14.1056),
('44102', 'Gornje Ležeče', 45.6664, 14.0722),
('44200', 'Divača', 45.6815, 13.9649),
('44201', 'Rodik', 45.6272, 13.9752),
('44202', 'Hrpelje-Kozina', 45.6037, 13.9353),
('44251', 'Povir', 45.6994, 13.9305),
('44300', 'Prešnica', 45.5642, 13.9422),
('44301', 'Podgorje', 45.5345, 13.9429),
('44302', 'Zazid', 45.4984, 13.9439),
('44303', 'Rakitovec', 45.4661, 13.9551),
('44352', 'Koper', 45.539, 13.7384),
('44356', 'Črnotiče', 45.552, 13.8915),
('44357', 'Hrastovlje', 45.5011, 13.9092),
('44500', 'Sežana', 45.7041, 13.8634),
('44501', 'Kreplje', 45.7421, 13.8273),
('44502', 'Kopriva', 45.7849, 13.8317),
('44503', 'Štanjel', 45.818, 13.8481),
('44504', 'Branik', 45.8559, 13.7842),
('44505', 'Steske', 45.876, 13.7575),
('44506', 'Dornberk', 45.8858, 13.7342),
('44600', 'Prvačina', 45.8875, 13.7227),
('44601', 'Okroglica', 45.8991, 13.6902),
('44602', 'Volčja Draga', 45.9058, 13.6756),
('44603', 'Šempeter pri Gorici', 45.9282, 13.6469),
('44651', 'Batuje', 45.8867, 13.772),
('44652', 'Ajdovščina', 45.8863, 13.9024),
('44653', 'Dornberk vas', 45.89, 13.7361),
('44654', 'Kamnje', 45.877, 13.8175),
('44655', 'Dobravlje', 45.8825, 13.8453),
('44656', 'Cesta', 45.8868, 13.8653),
('44700', 'Nova Gorica', 45.9552, 13.6357),
('44701', 'Solkan', 45.9727, 13.6462),
('44703', 'Plave', 46.0461, 13.5897),
('44704', 'Anhovo', 46.0581, 13.6173),
('44705', 'Kanal', 46.0837, 13.6316),
('44706', 'Avče', 46.108, 13.6844),
('44707', 'Most na Soči', 46.1464, 13.7593),
('44708', 'Podmelec', 46.1594, 13.8139),
('44709', 'Grahovo', 46.1514, 13.8569),
('44710', 'Hudajužna', 46.1797, 13.9198),
('44711', 'Podbrdo', 46.2092, 13.967),
('44712', 'Bohinjska Bistrica', 46.2742, 13.9591),
('44713', 'Nomenj', 46.289, 14.0027),
('44715', 'Bohinjska Bela', 46.3384, 14.0605),
('44716', 'Bled Jezero', 46.3683, 14.0823),
('44717', 'Podhom', 46.3875, 14.0943),
('44718', 'Vintgar', 46.4104, 14.0987),
('44719', 'Kočna', 46.4238, 14.0786),
('44800', 'Dutovlje', 45.7649, 13.8262),
('44901', 'Narin', 45.6413, 14.1981),
('44902', 'Kilovče', 45.6157, 14.1859),
('44903', 'Ilirska Bistrica', 45.5692, 14.2359),
('99998', 'Ljubljana Moste (BTC)', 46.0634, 14.5484);

-- --------------------------------------------------------

--
-- Struktura tabele `TrainStationsNear`
--

DROP TABLE IF EXISTS `TrainStationsNear`;
CREATE TABLE IF NOT EXISTS `TrainStationsNear` (
  `IDRailAB` varchar(16) CHARACTER SET latin1 NOT NULL,
  `IDStationA` varchar(8) CHARACTER SET latin1 NOT NULL,
  `IDStationB` varchar(8) CHARACTER SET latin1 NOT NULL,
  `RailType` int(11) NOT NULL
) ENGINE=InnoDB DEFAULT CHARSET=utf8 COLLATE=utf8_bin COMMENT='TrainStationsNear';

--
-- Počisti tabelo pred vstavljanjem `TrainStationsNear`
--

TRUNCATE TABLE `TrainStationsNear`;
--
-- Odloži podatke za tabelo `TrainStationsNear`
--

INSERT INTO `TrainStationsNear` (`IDRailAB`, `IDStationA`, `IDStationB`, `RailType`) VALUES
('42001-42002', '42001', '42002', 99),
('42002-42003', '42002', '42003', 99),
('42003-42004', '42003', '42004', 99),
('42004-42005', '42004', '42005', 99),
('42005-42006', '42005', '42006', 99),
('42006-42100', '42006', '42100', 99),
('42100-42901', '42100', '42901', 99),
('42101-42102', '42101', '42102', 99),
('42101-42901', '42101', '42901', 99),
('42102-42103', '42102', '42103', 99),
('42103-42200', '42103', '42200', 99),
('42200-42201', '42200', '42201', 99),
('42200-43001', '42200', '43001', 99),
('42201-42203', '42201', '42203', 99),
('42203-42204', '42203', '42204', 99),
('42204-42206', '42204', '42206', 99),
('42206-42207', '42206', '42207', 99),
('42207-42208', '42207', '42208', 99),
('42208-42209', '42208', '42209', 99),
('42209-42210', '42209', '42210', 99),
('42210-42222', '42210', '42222', 99),
('42212-42222', '42212', '42222', 99),
('42212-99998', '42212', '99998', 99),
('42300-42316', '42300', '42316', 99),
('42300-42357', '42300', '42357', 99),
('42300-42805', '42300', '42805', 99),
('42300-44011', '42300', '44011', 99),
('42302-42303', '42302', '42303', 99),
('42302-42317', '42302', '42317', 99),
('42303-42304', '42303', '42304', 99),
('42303-42805', '42303', '42805', 99),
('42304-42305', '42304', '42305', 99),
('42305-42306', '42305', '42306', 99),
('42306-42307', '42306', '42307', 99),
('42307-42309', '42307', '42309', 99),
('42309-42310', '42309', '42310', 99),
('42310-42311', '42310', '42311', 99),
('42311-42312', '42311', '42312', 99),
('42312-42313', '42312', '42313', 99),
('42313-42314', '42313', '42314', 99),
('42314-42315', '42314', '42315', 99),
('42315-42400', '42315', '42400', 99),
('42316-42317', '42316', '42317', 99),
('42351-42365', '42351', '42365', 99),
('42351-42366', '42351', '42366', 99),
('42352-42359', '42352', '42359', 99),
('42352-42360', '42352', '42360', 99),
('42353-42360', '42353', '42360', 99),
('42353-42361', '42353', '42361', 99),
('42354-42355', '42354', '42355', 99),
('42354-42363', '42354', '42363', 99),
('42355-42356', '42355', '42356', 99),
('42357-42365', '42357', '42365', 99),
('42358-42359', '42358', '42359', 99),
('42358-42366', '42358', '42366', 99),
('42361-42362', '42361', '42362', 99),
('42362-42363', '42362', '42363', 99),
('42400-44719', '42400', '44719', 99),
('42501-42502', '42501', '42502', 99),
('42502-42503', '42502', '42503', 99),
('42503-42504', '42503', '42504', 99),
('42504-42505', '42504', '42505', 99),
('42505-42506', '42505', '42506', 99),
('42506-42507', '42506', '42507', 99),
('42507-42508', '42507', '42508', 99),
('42508-42509', '42508', '42509', 99),
('42509-42510', '42509', '42510', 99),
('42510-42511', '42510', '42511', 99),
('42511-42512', '42511', '42512', 99),
('42512-42600', '42512', '42600', 99),
('42600-42603', '42600', '42603', 99),
('42601-42602', '42601', '42602', 99),
('42601-42603', '42601', '42603', 99),
('42602-42909', '42602', '42909', 99),
('42700-42701', '42700', '42701', 99),
('42700-42909', '42700', '42909', 99),
('42701-42702', '42701', '42702', 99),
('42702-42703', '42702', '42703', 99),
('42703-42704', '42703', '42704', 99),
('42704-42705', '42704', '42705', 99),
('42705-42706', '42705', '42706', 99),
('42706-42707', '42706', '42707', 99),
('42707-42708', '42707', '42708', 99),
('42708-42709', '42708', '42709', 99),
('42709-42710', '42709', '42710', 99),
('42710-42711', '42710', '42711', 99),
('42711-42800', '42711', '42800', 99),
('42800-42801', '42800', '42801', 99),
('42801-42802', '42801', '42802', 99),
('42802-42804', '42802', '42804', 99),
('42804-42805', '42804', '42805', 99),
('42805-99998', '42805', '99998', 99),
('42901-42902', '42901', '42902', 99),
('42902-42903', '42902', '42903', 99),
('42903-42904', '42903', '42904', 99),
('42904-42905', '42904', '42905', 99),
('42905-42906', '42905', '42906', 99),
('42906-42907', '42906', '42907', 99),
('42907-42908', '42907', '42908', 99),
('42908-42909', '42908', '42909', 99),
('43001-43002', '43001', '43002', 99),
('43002-43100', '43002', '43100', 99),
('43100-43101', '43100', '43101', 99),
('43100-43911', '43100', '43911', 99),
('43101-43102', '43101', '43102', 99),
('43102-43200', '43102', '43200', 99),
('43200-43201', '43200', '43201', 99),
('43200-43251', '43200', '43251', 99),
('43201-43205', '43201', '43205', 99),
('43202-43203', '43202', '43203', 99),
('43202-43205', '43202', '43205', 99),
('43203-43204', '43203', '43204', 99),
('43204-43300', '43204', '43300', 99),
('43251-43252', '43251', '43252', 99),
('43252-43800', '43252', '43800', 99),
('43300-43301', '43300', '43301', 99),
('43300-43360', '43300', '43360', 99),
('43301-43302', '43301', '43302', 99),
('43302-43303', '43302', '43303', 99),
('43303-43304', '43303', '43304', 99),
('43304-43400', '43304', '43400', 99),
('43304-43413', '43304', '43413', 99),
('43351-43352', '43351', '43352', 99),
('43351-43360', '43351', '43360', 99),
('43352-43353', '43352', '43353', 99),
('43353-43354', '43353', '43354', 99),
('43354-43355', '43354', '43355', 99),
('43355-43356', '43355', '43356', 99),
('43356-43359', '43356', '43359', 99),
('43357-43358', '43357', '43358', 99),
('43357-43359', '43357', '43359', 99),
('43358-43600', '43358', '43600', 99),
('43400-43455', '43400', '43455', 99),
('43401-43413', '43401', '43413', 99),
('43401-43420', '43401', '43420', 99),
('43402-43403', '43402', '43403', 99),
('43402-43414', '43402', '43414', 99),
('43403-43415', '43403', '43415', 99),
('43404-43405', '43404', '43405', 99),
('43404-43415', '43404', '43415', 99),
('43405-43406', '43405', '43406', 99),
('43406-43407', '43406', '43407', 99),
('43407-43408', '43407', '43408', 99),
('43408-43409', '43408', '43409', 99),
('43409-43410', '43409', '43410', 99),
('43410-43418', '43410', '43418', 99),
('43411-43416', '43411', '43416', 99),
('43411-43418', '43411', '43418', 99),
('43412-43416', '43412', '43416', 99),
('43412-43417', '43412', '43417', 99),
('43414-43420', '43414', '43420', 99),
('43417-43500', '43417', '43500', 99),
('43451-43452', '43451', '43452', 99),
('43451-43455', '43451', '43455', 99),
('43452-43453', '43452', '43453', 99),
('43500-43505', '43500', '43505', 99),
('43501-43502', '43501', '43502', 99),
('43501-43506', '43501', '43506', 99),
('43502-43503', '43502', '43503', 99),
('43505-43506', '43505', '43506', 99),
('43600-43601', '43600', '43601', 99),
('43600-43653', '43600', '43653', 99),
('43601-43602', '43601', '43602', 99),
('43602-43603', '43602', '43603', 99),
('43603-43604', '43603', '43604', 99),
('43604-43605', '43604', '43605', 99),
('43605-43700', '43605', '43700', 99),
('43651-43652', '43651', '43652', 99),
('43651-43653', '43651', '43653', 99),
('43700-43702', '43700', '43702', 99),
('43701-43702', '43701', '43702', 99),
('43701-43703', '43701', '43703', 99),
('43703-43704', '43703', '43704', 99),
('43704-43771', '43704', '43771', 99),
('43771-43774', '43771', '43774', 99),
('43774-43775', '43774', '43775', 99),
('43775-43776', '43775', '43776', 99),
('43776-43777', '43776', '43777', 99),
('43800-43801', '43800', '43801', 99),
('43800-43851', '43800', '43851', 99),
('43801-43802', '43801', '43802', 99),
('43802-43807', '43802', '43807', 99),
('43803-43807', '43803', '43807', 99),
('43803-43808', '43803', '43808', 99),
('43804-43808', '43804', '43808', 99),
('43804-43809', '43804', '43809', 99),
('43805-43806', '43805', '43806', 99),
('43805-43809', '43805', '43809', 99),
('43851-43852', '43851', '43852', 99),
('43852-43855', '43852', '43855', 99),
('43853-43854', '43853', '43854', 99),
('43853-43856', '43853', '43856', 99),
('43855-43856', '43855', '43856', 99),
('43901-43902', '43901', '43902', 99),
('43901-43911', '43901', '43911', 99),
('43902-43903', '43902', '43903', 99),
('43903-43904', '43903', '43904', 99),
('43904-43905', '43904', '43905', 99),
('43905-43906', '43905', '43906', 99),
('43906-43912', '43906', '43912', 99),
('43907-43909', '43907', '43909', 99),
('43907-43912', '43907', '43912', 99),
('43909-43910', '43909', '43910', 99),
('44001-44002', '44001', '44002', 99),
('44001-44011', '44001', '44011', 99),
('44002-44003', '44002', '44003', 99),
('44003-44004', '44003', '44004', 99),
('44004-44005', '44004', '44005', 99),
('44005-44006', '44005', '44006', 99),
('44006-44007', '44006', '44007', 99),
('44007-44008', '44007', '44008', 99),
('44008-44009', '44008', '44009', 99),
('44009-44010', '44009', '44010', 99),
('44010-44100', '44010', '44100', 99),
('44100-44101', '44100', '44101', 99),
('44100-44901', '44100', '44901', 99),
('44101-44102', '44101', '44102', 99),
('44102-44200', '44102', '44200', 99),
('44200-44201', '44200', '44201', 99),
('44200-44251', '44200', '44251', 99),
('44201-44202', '44201', '44202', 99),
('44202-44300', '44202', '44300', 99),
('44251-44500', '44251', '44500', 99),
('44300-44301', '44300', '44301', 99),
('44300-44356', '44300', '44356', 99),
('44301-44302', '44301', '44302', 99),
('44302-44303', '44302', '44303', 99),
('44352-44357', '44352', '44357', 99),
('44356-44357', '44356', '44357', 99),
('44500-44501', '44500', '44501', 99),
('44501-44800', '44501', '44800', 99),
('44502-44503', '44502', '44503', 99),
('44502-44800', '44502', '44800', 99),
('44503-44504', '44503', '44504', 99),
('44504-44505', '44504', '44505', 99),
('44505-44506', '44505', '44506', 99),
('44506-44600', '44506', '44600', 99),
('44600-44601', '44600', '44601', 99),
('44600-44653', '44600', '44653', 99),
('44601-44602', '44601', '44602', 99),
('44602-44603', '44602', '44603', 99),
('44603-44700', '44603', '44700', 99),
('44651-44653', '44651', '44653', 99),
('44651-44654', '44651', '44654', 99),
('44652-44656', '44652', '44656', 99),
('44654-44655', '44654', '44655', 99),
('44655-44656', '44655', '44656', 99),
('44700-44701', '44700', '44701', 99),
('44701-44703', '44701', '44703', 99),
('44703-44704', '44703', '44704', 99),
('44704-44705', '44704', '44705', 99),
('44705-44706', '44705', '44706', 99),
('44706-44707', '44706', '44707', 99),
('44707-44708', '44707', '44708', 99),
('44708-44709', '44708', '44709', 99),
('44709-44710', '44709', '44710', 99),
('44710-44711', '44710', '44711', 99),
('44711-44712', '44711', '44712', 99),
('44712-44713', '44712', '44713', 99),
('44713-44715', '44713', '44715', 99),
('44715-44716', '44715', '44716', 99),
('44716-44717', '44716', '44717', 99),
('44717-44718', '44717', '44718', 99),
('44718-44719', '44718', '44719', 99),
('44901-44902', '44901', '44902', 99),
('44902-44903', '44902', '44903', 99);

-- --------------------------------------------------------

--
-- Struktura tabele `TrainStationsRail`
--

DROP TABLE IF EXISTS `TrainStationsRail`;
CREATE TABLE IF NOT EXISTS `TrainStationsRail` (
  `IDRailABDetailID` varchar(32) NOT NULL,
  `IDRailAB` varchar(16) NOT NULL,
  `RailSeqNumber` int(11) NOT NULL,
  `Lat` float NOT NULL,
  `Lng` float NOT NULL,
  `Type` int(11) NOT NULL
) ENGINE=InnoDB DEFAULT CHARSET=latin1;

--
-- Počisti tabelo pred vstavljanjem `TrainStationsRail`
--

TRUNCATE TABLE `TrainStationsRail`;
-- --------------------------------------------------------

--
-- Struktura tabele `Users`
--

DROP TABLE IF EXISTS `Users`;
CREATE TABLE IF NOT EXISTS `Users` (
`UserID` int(11) NOT NULL,
  `Username` varchar(32) COLLATE utf8_bin NOT NULL,
  `Password` varchar(32) COLLATE utf8_bin NOT NULL,
  `Email` varchar(64) COLLATE utf8_bin NOT NULL,
  `FirstName` varchar(32) COLLATE utf8_bin NOT NULL,
  `LastName` varchar(32) COLLATE utf8_bin NOT NULL
) ENGINE=InnoDB  DEFAULT CHARSET=utf8 COLLATE=utf8_bin AUTO_INCREMENT=10006 ;

--
-- Počisti tabelo pred vstavljanjem `Users`
--

TRUNCATE TABLE `Users`;
--
-- Odloži podatke za tabelo `Users`
--

INSERT INTO `Users` (`UserID`, `Username`, `Password`, `Email`, `FirstName`, `LastName`) VALUES
(10001, 'Zekom', '123456', 'casprostor@gmail.com', 'Paradoks', 'Si'),
(10003, 'ABC', '999', 'abc@abc.com', 'ABC', '123'),
(10004, 'ABC123', '123123', 'aaaa', 'ABC', 'ABC123'),
(10005, 'q123', '123', 'q123@t.com', 'q123', 'ooo');

--
-- Indeksi zavrženih tabel
--

--
-- Indeksi tabele `TrainStations`
--
ALTER TABLE `TrainStations`
 ADD PRIMARY KEY (`IDStation`);

--
-- Indeksi tabele `TrainStationsNear`
--
ALTER TABLE `TrainStationsNear`
 ADD PRIMARY KEY (`IDRailAB`);

--
-- Indeksi tabele `TrainStationsRail`
--
ALTER TABLE `TrainStationsRail`
 ADD PRIMARY KEY (`IDRailABDetailID`);

--
-- Indeksi tabele `Users`
--
ALTER TABLE `Users`
 ADD PRIMARY KEY (`UserID`);

--
-- AUTO_INCREMENT zavrženih tabel
--

--
-- AUTO_INCREMENT tabele `Users`
--
ALTER TABLE `Users`
MODIFY `UserID` int(11) NOT NULL AUTO_INCREMENT,AUTO_INCREMENT=10006;
/*!40101 SET CHARACTER_SET_CLIENT=@OLD_CHARACTER_SET_CLIENT */;
/*!40101 SET CHARACTER_SET_RESULTS=@OLD_CHARACTER_SET_RESULTS */;
/*!40101 SET COLLATION_CONNECTION=@OLD_COLLATION_CONNECTION */;
